LINHA1;LINHA2
ARMARIO 1;BANDEJA A1
ARMARIO 1;BANDEJA A2
ARMARIO 1;BANDEJA A3
ARMARIO 1;BANDEJA A4
ARMARIO 1;BANDEJA A5
ARMARIO 1;BANDEJA A6
ARMARIO 1;BANDEJA B1
ARMARIO 1;BANDEJA B2
ARMARIO 1;BANDEJA B3
ARMARIO 1;BANDEJA B4
ARMARIO 1;BANDEJA B5
ARMARIO 1;BANDEJA B6
ARMARIO 1;BANDEJA C1
ARMARIO 1;BANDEJA C2
ARMARIO 1;BANDEJA C3
ARMARIO 1;BANDEJA C4
ARMARIO 1;BANDEJA C5
ARMARIO 1;BANDEJA C6
ARMARIO 1;BANDEJA D1
ARMARIO 1;BANDEJA D2
ARMARIO 1;BANDEJA D3
ARMARIO 1;BANDEJA D4
ARMARIO 1;BANDEJA D5
ARMARIO 1;BANDEJA D6
ARMARIO 1;BANDEJA E1
ARMARIO 1;BANDEJA E2
ARMARIO 1;BANDEJA E3
ARMARIO 1;BANDEJA E4
ARMARIO 1;BANDEJA E5
ARMARIO 1;BANDEJA E6
ARMARIO 1;BANDEJA F1
ARMARIO 1;BANDEJA F2
ARMARIO 1;BANDEJA F3
ARMARIO 1;BANDEJA F4
ARMARIO 1;BANDEJA F5
ARMARIO 1;BANDEJA F6
ARMARIO 2;BANDEJA A1
ARMARIO 2;BANDEJA A2
ARMARIO 2;BANDEJA A3
ARMARIO 2;BANDEJA A4
ARMARIO 2;BANDEJA A5
ARMARIO 2;BANDEJA A6
ARMARIO 2;BANDEJA B1
ARMARIO 2;BANDEJA B2
ARMARIO 2;BANDEJA B3
ARMARIO 2;BANDEJA B4
ARMARIO 2;BANDEJA B5
ARMARIO 2;BANDEJA B6
ARMARIO 2;BANDEJA C1
ARMARIO 2;BANDEJA C2
ARMARIO 2;BANDEJA C3
ARMARIO 2;BANDEJA C4
ARMARIO 2;BANDEJA C5
ARMARIO 2;BANDEJA C6
ARMARIO 2;BANDEJA D1
ARMARIO 2;BANDEJA D2
ARMARIO 2;BANDEJA D3
ARMARIO 2;BANDEJA D4
ARMARIO 2;BANDEJA D5
ARMARIO 2;BANDEJA D6
ARMARIO 2;BANDEJA E1
ARMARIO 2;BANDEJA E2
ARMARIO 2;BANDEJA E3
ARMARIO 2;BANDEJA E4
ARMARIO 2;BANDEJA E5
ARMARIO 2;BANDEJA E6
ARMARIO 2;BANDEJA F1
ARMARIO 2;BANDEJA F2
ARMARIO 2;BANDEJA F3
ARMARIO 2;BANDEJA F4
ARMARIO 2;BANDEJA F5
ARMARIO 2;BANDEJA F6
ARMARIO 3;BANDEJA A1
ARMARIO 3;BANDEJA A2
ARMARIO 3;BANDEJA A3
ARMARIO 3;BANDEJA A4
ARMARIO 3;BANDEJA A5
ARMARIO 3;BANDEJA A6
ARMARIO 3;BANDEJA B1
ARMARIO 3;BANDEJA B2
ARMARIO 3;BANDEJA B3
ARMARIO 3;BANDEJA B4
ARMARIO 3;BANDEJA B5
ARMARIO 3;BANDEJA B6
ARMARIO 3;BANDEJA C1
ARMARIO 3;BANDEJA C2
ARMARIO 3;BANDEJA C3
ARMARIO 3;BANDEJA C4
ARMARIO 3;BANDEJA C5
ARMARIO 3;BANDEJA C6
ARMARIO 3;BANDEJA D1
ARMARIO 3;BANDEJA D2
ARMARIO 3;BANDEJA D3
ARMARIO 3;BANDEJA D4
ARMARIO 3;BANDEJA D5
ARMARIO 3;BANDEJA D6
ARMARIO 3;BANDEJA E1
ARMARIO 3;BANDEJA E2
ARMARIO 3;BANDEJA E3
ARMARIO 3;BANDEJA E4
ARMARIO 3;BANDEJA E5
ARMARIO 3;BANDEJA E6
ARMARIO 3;BANDEJA F1
ARMARIO 3;BANDEJA F2
ARMARIO 3;BANDEJA F3
ARMARIO 3;BANDEJA F4
ARMARIO 3;BANDEJA F5
ARMARIO 3;BANDEJA F6
ARMARIO 4;BANDEJA A1
ARMARIO 4;BANDEJA A2
ARMARIO 4;BANDEJA A3
ARMARIO 4;BANDEJA A4
ARMARIO 4;BANDEJA A5
ARMARIO 4;BANDEJA A6
ARMARIO 4;BANDEJA B1
ARMARIO 4;BANDEJA B2
ARMARIO 4;BANDEJA B3
ARMARIO 4;BANDEJA B4
ARMARIO 4;BANDEJA B5
ARMARIO 4;BANDEJA B6
ARMARIO 4;BANDEJA C1
ARMARIO 4;BANDEJA C2
ARMARIO 4;BANDEJA C3
ARMARIO 4;BANDEJA C4
ARMARIO 4;BANDEJA C5
ARMARIO 4;BANDEJA C6
ARMARIO 4;BANDEJA D1
ARMARIO 4;BANDEJA D2
ARMARIO 4;BANDEJA D3
ARMARIO 4;BANDEJA D4
ARMARIO 4;BANDEJA D5
ARMARIO 4;BANDEJA D6
ARMARIO 4;BANDEJA E1
ARMARIO 4;BANDEJA E2
ARMARIO 4;BANDEJA E3
ARMARIO 4;BANDEJA E4
ARMARIO 4;BANDEJA E5
ARMARIO 4;BANDEJA E6
ARMARIO 4;BANDEJA F1
ARMARIO 4;BANDEJA F2
ARMARIO 4;BANDEJA F3
ARMARIO 4;BANDEJA F4
ARMARIO 4;BANDEJA F5
ARMARIO 4;BANDEJA F6
